,Job,Create,Start
0,a01,2023-10-15 04:20:21,2023-10-15 04:21:47
1,a02,2023-10-15 04:38:57,2023-10-15 04:43:21
2,a03,2023-10-15 04:43:57,2023-10-15 04:48:38
3,a04,2023-10-15 04:28:18,2023-10-15 04:32:31
4,a05,2023-10-15 04:23:00,2023-10-15 04:27:06
5,b01,2023-10-15 04:38:06,2023-10-15 04:38:06
6,b02,2023-10-15 04:14:45,2023-10-15 04:14:45
7,b03,2023-10-15 04:18:32,2023-10-15 04:20:12
8,b04,2023-10-15 04:32:47,2023-10-15 04:32:51
9,b05,2023-10-15 04:22:05,2023-10-15 04:22:39
10,c01,2023-10-15 04:27:29,2023-10-15 04:27:29
11,c02,2023-10-15 04:27:49,2023-10-15 04:28:00
12,c03,2023-10-15 04:15:30,2023-10-15 04:15:30
13,c04,2023-10-15 04:38:20,2023-10-15 04:38:20
14,c05,2023-10-15 04:33:42,2023-10-15 04:37:48
15,c06,2023-10-15 04:16:28,2023-10-15 04:16:28
16,c07,2023-10-15 04:43:37,2023-10-15 04:43:39
17,c08,2023-10-15 04:17:25,2023-10-15 04:17:25
18,c09,2023-10-15 04:38:33,2023-10-15 04:38:45
19,c10,2023-10-15 04:33:09,2023-10-15 04:33:21
